rho,seed,T,modulator_correct_a,modulator_correct_b,modulator_correct_both,M_source0_a,M_source2_a,M_source0_b,M_source2_b,err_g123_a,err_g123_b,err_g145_a,err_g145_b,err_g123,err_g145,gap_g123,gap_g145,r_eff_x3_x5,elapsed_seconds
0.0,42,25000,1,1,1,[1],[3],[1],[3],0.31103527545928955,0.2791818380355835,0.16528022289276123,0.1632390022277832,0.2951085567474365,0.16425961256027222,0.03213588148355484,0.005042667500674725,3.012467781742865,129.76154017448425
0.0,1042,25000,1,0,0,[1],[3],[],[3],0.3040822446346283,0.7582658529281616,0.14930619299411774,0.0474727489054203,0.531174048781395,0.09838947094976902,0.45439082384109497,0.11074464023113251,2.9962457427576505,126.74825882911682
0.0,2042,25000,0,1,0,[],[3],[1],[3],0.7540383338928223,0.2673196494579315,0.04383758082985878,0.16543030738830566,0.5106789916753769,0.10463394410908222,0.4870784282684326,0.13130028545856476,2.988201537607777,129.47028613090515
0.0,3042,25000,1,1,1,[1],[3],[1],[3],0.2702960968017578,0.2864465117454529,0.1625824272632599,0.2347903996706009,0.27837130427360535,0.1986864134669304,0.01830892637372017,0.07290815562009811,3.010782192648788,121.225834608078
0.0,4042,25000,1,1,1,[1],[3],[1],[3],0.31803271174430847,0.2892153561115265,0.14294962584972382,0.15764272212982178,0.3036240339279175,0.1502961739897728,0.029474955052137375,0.01582023873925209,2.9867288073017475,119.16843152046204
0.0,5042,25000,1,1,1,[1],[3],[1],[3],0.2866498827934265,0.289106160402298,0.15608826279640198,0.23277580738067627,0.28787802159786224,0.19443203508853912,0.004971709102392197,0.07761210203170776,2.9879754433088244,129.85339283943176
0.0,6042,25000,0,0,0,[1],[0],[],[3],0.287276953458786,0.7540717720985413,0.49660706520080566,0.05118554085493088,0.5206743627786636,0.27389630302786827,0.4670570492744446,0.4528336822986603,2.9932366512327455,131.21929121017456
0.0,7042,25000,1,0,0,[1],[3],[],[3],0.28346720337867737,0.7652041912078857,0.23489950597286224,0.05442335456609726,0.5243356972932816,0.14466143026947975,0.4820873737335205,0.18673332035541534,3.00349061446012,130.69239830970764
0.0,8042,25000,1,1,1,[1],[3],[1],[3],0.2897171080112457,0.31066036224365234,0.1902657151222229,0.14809128642082214,0.30018873512744904,0.16917850077152252,0.021707803010940552,0.042746614664793015,2.993711328355977,129.32413268089294
0.0,9042,25000,1,1,1,[1],[3],[1],[3],0.2970063090324402,0.28998076915740967,0.15577559173107147,0.14779992401599884,0.2934935390949249,0.15178775787353516,0.0084204887971282,0.011375973001122475,2.9976795155180906,115.0187714099884
0.2,42,25000,1,1,1,[1],[3],[1],[3],0.2891401946544647,0.27984800934791565,0.10175450146198273,0.1642145961523056,0.2844941020011902,0.13298454880714417,0.010176264680922031,0.06325634568929672,2.8786543908616538,114.99722719192505
0.2,1042,25000,1,0,0,[1],[3],[],[3],0.3028917908668518,0.7564466595649719,0.14695939421653748,0.04584547132253647,0.5296692252159119,0.09640243276953697,0.45376086235046387,0.10919385403394699,2.9051217545841364,114.81694626808167
0.2,2042,25000,0,1,0,[],[3],[1],[3],0.7539325952529907,0.2698197364807129,0.043895505368709564,0.1656799465417862,0.5118761658668518,0.10478772595524788,0.4844933748245239,0.1328667551279068,2.8691685106303275,114.91687083244324
0.2,3042,25000,1,0,0,[1],[3],[1],"[0, 3]",0.27190539240837097,0.30286094546318054,0.16318731009960175,0.8022854328155518,0.28738316893577576,0.48273637145757675,0.031115204095840454,0.6403740644454956,2.906200842515711,121.58676218986511
0.2,4042,25000,1,1,1,[1],[3],[1],[3],0.2915128767490387,0.285782128572464,0.10453224927186966,0.1581011563539505,0.28864750266075134,0.13131670281291008,0.007981323637068272,0.05447826907038689,2.8707175322602994,115.19927787780762
0.2,5042,25000,1,1,1,[1],[3],[1],[3],0.2518143057823181,0.2869111895561218,0.09524071961641312,0.22772100567817688,0.26936274766921997,0.161480862647295,0.03548058867454529,0.13426178693771362,2.8890521471406694,115.14440298080444
0.2,6042,25000,1,0,0,[1],[3],[],[3],0.3081938624382019,0.7531768083572388,0.1202225610613823,0.05031203106045723,0.5306853353977203,0.08526729606091976,0.4452503025531769,0.0771772637963295,2.896367705638495,115.2033576965332
0.2,7042,25000,1,0,0,[1],[3],[1],"[0, 3]",0.282001793384552,0.31061363220214844,0.23535409569740295,0.6137641668319702,0.2963077127933502,0.4245591312646866,0.028856869786977768,0.3791268467903137,2.8990665168595697,114.65100336074829
0.2,8042,25000,1,1,1,[1],[3],[1],[3],0.2901204824447632,0.3071977496147156,0.186473086476326,0.15128469467163086,0.2986591160297394,0.16887889057397842,0.01822574995458126,0.03597398102283478,2.8981667466117216,114.92824602127075
0.2,9042,25000,1,1,1,[1],[3],[1],[3],0.29709601402282715,0.2889610230922699,0.1578490436077118,0.1477838158607483,0.2930285185575485,0.15281642973423004,0.008895698003470898,0.012484177015721798,2.883223409208343,114.54119849205017
0.4,42,25000,1,1,1,[1],[3],[1],[3],0.31555503606796265,0.27933230996131897,0.13602739572525024,0.16403988003730774,0.2974436730146408,0.150033637881279,0.03645665943622589,0.02891583740711212,2.578766783197155,114.32227063179016
0.4,1042,25000,1,0,0,[1],[3],[],[3],0.3066997230052948,0.75389164686203,0.14824090898036957,0.04484210163354874,0.5302956849336624,0.09654150530695915,0.44750696420669556,0.11139384657144547,2.6319731525357923,114.11925745010376
0.4,2042,25000,0,1,0,[],[3],[1],[3],0.7532883882522583,0.27259647846221924,0.04185444861650467,0.16671432554721832,0.5129424333572388,0.1042843870818615,0.48109379410743713,0.13617457449436188,2.580769107820326,118.21492028236389
0.4,3042,25000,1,1,1,[1],[3],[1],[3],0.27191945910453796,0.3002323508262634,0.16334696114063263,0.8510816097259521,0.2860759049654007,0.5072142854332924,0.028476065024733543,0.6890738606452942,2.6259982269923734,132.30214524269104
0.4,4042,25000,1,0,0,[1],[3],[1],"[0, 3]",0.29754960536956787,0.25892555713653564,0.14751458168029785,0.08510224521160126,0.27823758125305176,0.11630841344594955,0.03920717537403107,0.06443341821432114,2.584917323129759,132.48593616485596
0.4,5042,25000,0,1,0,[1],"[0, 3]",[1],[3],0.25752803683280945,0.2849769592285156,0.08558060973882675,0.22560513019561768,0.27125249803066254,0.1555928699672222,0.027774007990956306,0.14304961264133453,2.612251237719467,131.3742434978485
0.4,6042,25000,1,0,0,[1],[3],[],[3],0.3098388910293579,0.7534546852111816,0.12164127081632614,0.05024779587984085,0.5316467881202698,0.0859445333480835,0.4438762664794922,0.07855650037527084,2.6083329626379843,130.6580753326416
0.4,7042,25000,0,0,0,[1],"[0, 1]",[1],"[0, 3]",0.2608460485935211,0.3101470172405243,0.46475493907928467,0.6172265410423279,0.2854965329170227,0.5409907400608063,0.04950590059161186,0.15357185900211334,2.611540096886979,132.4214973449707
0.4,8042,25000,1,1,1,[1],[3],[1],[3],0.2959095537662506,0.30450862646102905,0.15960094332695007,0.1533365547657013,0.30020909011363983,0.15646874904632568,0.009663580916821957,0.015363502316176891,2.621325968719425,132.36512327194214
0.4,9042,25000,0,1,0,[1],"[0, 3]",[1],[3],0.25269344449043274,0.27817270159721375,0.1032421812415123,0.2159019112586975,0.26543307304382324,0.1595720462501049,0.026188811287283897,0.1139460876584053,2.5960608046033578,132.4805784225464
0.6,42,25000,1,1,1,[1],[3],[1],[3],0.3218412697315216,0.2786156237125397,0.14204199612140656,0.16767042875289917,0.30022844672203064,0.15485621243715286,0.043438348919153214,0.027242224663496017,2.2114359943060693,132.414541721344
0.6,1042,25000,1,0,0,[1],[3],[],[3],0.2766158878803253,0.7438693046569824,0.21233931183815002,0.04375466704368591,0.5102425962686539,0.12804698944091797,0.46748271584510803,0.17637357115745544,2.2632675152026107,124.70841860771179
0.6,2042,25000,1,1,1,[1],[3],[1],[3],0.6169856786727905,0.27532172203063965,0.03887702152132988,0.16804513335227966,0.4461537003517151,0.10346107743680477,0.3422422409057617,0.14098206162452698,2.2160535215428463,128.0209403038025
0.6,3042,25000,1,1,1,[1],[3],[1],[3],0.27269208431243896,0.30023524165153503,0.16310089826583862,0.8638299703598022,0.286463662981987,0.5134654343128204,0.027747424319386482,0.7019017934799194,2.259097867763187,132.31920862197876
0.6,4042,25000,1,1,1,[1],[3],[1],[3],0.32095083594322205,0.6410091519355774,0.16594922542572021,0.045462507754564285,0.4809799939393997,0.10570586659014225,0.3202817142009735,0.12908488512039185,2.220024232586547,131.58894300460815
0.6,5042,25000,0,1,0,[2],[3],[1],[3],0.7524605989456177,0.28268173336982727,0.05362878367304802,0.2219773530960083,0.5175711661577225,0.13780306838452816,0.4700888693332672,0.17633944749832153,2.245957867169197,132.70270419120789
0.6,6042,25000,1,0,0,[1],[3],[],[3],0.3131295442581177,0.7542227506637573,0.12670427560806274,0.05185304209589958,0.5336761474609375,0.08927865885198116,0.44135162234306335,0.08210326731204987,2.230070933046752,129.7482078075409
0.6,7042,25000,0,0,0,[1],[0],[1],"[0, 3]",0.2597692608833313,0.3084310293197632,0.475557804107666,0.6048483848571777,0.28410014510154724,0.5402030944824219,0.04887798801064491,0.13050396740436554,2.237100544105827,130.90526032447815
0.6,8042,25000,1,1,1,[1],[3],[1],[3],0.30058616399765015,0.30441224575042725,0.15320177376270294,0.1558624655008316,0.3024992048740387,0.15453211963176727,0.004819619935005903,0.016864212229847908,2.252730218826398,131.11679005622864
0.6,9042,25000,1,1,1,[1],[3],[1],[3],0.2894099950790405,0.27882567048072815,0.15605901181697845,0.22053204476833344,0.28411783277988434,0.18829552829265594,0.011750023812055588,0.06503049284219742,2.229616667246453,132.5884153842926
0.8,42,25000,1,1,1,[1],[3],[1],[3],0.32394662499427795,0.2970878779888153,0.14521227777004242,0.1752922087907791,0.31051725149154663,0.16025224328041077,0.027174806222319603,0.03151223063468933,1.852574383265009,130.99859070777893
0.8,1042,25000,1,1,1,[1],[3],[1],[3],0.29782965779304504,0.2581055760383606,0.1703409105539322,0.09832573682069778,0.2779676169157028,0.134333323687315,0.04018544405698776,0.0734100490808487,1.8838825039953468,132.12140274047852
0.8,2042,25000,1,1,1,[1],[3],[1],[3],0.27253836393356323,0.2769569456577301,0.09030144661664963,0.16970661282539368,0.27474765479564667,0.13000402972102165,0.009868460707366467,0.08178357034921646,1.8524801626191933,129.02264094352722
0.8,3042,25000,1,1,1,[1],[3],[1],[3],0.2741953432559967,0.30258235335350037,0.16384336352348328,0.8649300336837769,0.28838884830474854,0.5143866986036301,0.028601322323083878,0.7024006247520447,1.8863737609276894,131.17935609817505
0.8,4042,25000,1,0,0,[1],[3],[],[3],0.3209368884563446,0.7671859264373779,0.1637551635503769,0.05243206396698952,0.5440614074468613,0.1080936137586832,0.4464646279811859,0.11947400122880936,1.8538085819966033,129.9573037624359
0.8,5042,25000,0,1,0,[],[3],[1],[3],0.7823827862739563,0.3173832595348358,0.054841846227645874,0.14044415950775146,0.5498830229043961,0.09764300286769867,0.46527576446533203,0.09729732573032379,1.8726322184911743,132.68220901489258
0.8,6042,25000,1,0,0,[1],[3],[],"[1, 3]",0.32051441073417664,0.7549875974655151,0.13081839680671692,0.05672658607363701,0.5377510040998459,0.09377249144017696,0.4347386360168457,0.08165980130434036,1.8533418320820143,130.2287974357605
0.8,7042,25000,0,0,0,[1],[0],[1],"[0, 3]",0.2592002749443054,0.30617570877075195,0.4938930571079254,0.5943297743797302,0.2826879918575287,0.5441114157438278,0.04716673493385315,0.10215147584676743,1.8619258115768231,130.74045944213867
0.8,8042,25000,1,1,1,[1],[3],[1],[3],0.3018095791339874,0.30299508571624756,0.1562364101409912,0.17041702568531036,0.3024023324251175,0.1633267179131508,0.004205010365694761,0.01959311217069626,1.876649703697888,130.23894572257996
0.8,9042,25000,1,1,1,[1],[3],[1],[3],0.2938658893108368,0.2776840925216675,0.15793374180793762,0.22247400879859924,0.28577499091625214,0.19020387530326843,0.016634469851851463,0.0650930181145668,1.863121193645244,129.21858978271484
0.9,42,25000,1,1,1,[1],[3],[1],[3],0.320121705532074,0.30427947640419006,0.14651170372962952,0.17522688210010529,0.312200590968132,0.1608692929148674,0.016324596479535103,0.029523713514208794,1.68887889536874,126.45631504058838
0.9,1042,25000,1,1,1,[1],[3],[1],[3],0.30139002203941345,0.2974586486816406,0.16719548404216766,0.12473074346780777,0.29942433536052704,0.14596311375498772,0.005335082765668631,0.04394906386733055,1.7074954868562542,131.33856797218323
0.9,2042,25000,1,1,1,[1],[3],[1],[3],0.29997149109840393,0.2768528461456299,0.13118669390678406,0.17035509645938873,0.2884121686220169,0.1507708951830864,0.024821722880005836,0.03991641849279404,1.6849594309756906,130.4774730205536
0.9,3042,25000,1,1,1,[1],[3],[1],[3],0.2745510935783386,0.306751012802124,0.16504044830799103,0.8585729002952576,0.2906510531902313,0.5118066743016243,0.03238843008875847,0.6951715350151062,1.7134569787544025,129.41004252433777
0.9,4042,25000,1,0,0,[1],[3],[],[3],0.3205500841140747,0.7703961730003357,0.16407418251037598,0.05429453402757645,0.5454731285572052,0.10918435826897621,0.4500713050365448,0.11869543790817261,1.6846480099800762,123.0983316898346
0.9,5042,25000,1,1,1,[1],[3],[1],[3],0.7845907807350159,0.32104697823524475,0.055597685277462006,0.13863645493984222,0.5528188794851303,0.09711707010865211,0.4638191759586334,0.09564775973558426,1.6994989134235847,126.54239320755005
0.9,6042,25000,1,0,0,[1],[3],[],"[1, 3]",0.3234935998916626,0.7556989789009094,0.135470911860466,0.06221922114491463,0.539596289396286,0.09884506650269032,0.43250736594200134,0.08244575560092926,1.6823135314128406,130.06618881225586
0.9,7042,25000,0,0,0,[1],[0],[1],"[0, 3]",0.2618935704231262,0.31082260608673096,0.49568894505500793,0.5945293307304382,0.2863580882549286,0.5451091378927231,0.04915023595094681,0.10060515999794006,1.6900972083314942,130.7255938053131
0.9,8042,25000,1,1,1,[1],[3],[1],[3],0.3027355670928955,0.3023257851600647,0.15891262888908386,0.17379124462604523,0.3025306761264801,0.16635193675756454,0.00458868034183979,0.020628781989216805,1.702221429657292,130.94189763069153
0.9,9042,25000,0,1,0,[1],"[0, 3]",[1],[3],0.247921884059906,0.2770037353038788,0.08475027233362198,0.22525270283222198,0.2624628096818924,0.15500148758292198,0.02977810427546501,0.1434856653213501,1.694103314801101,123.6056969165802
0.95,42,25000,1,1,1,[1],[3],[1],[3],0.28454524278640747,0.3094513714313507,0.08422964066267014,0.17815259099006653,0.2969983071088791,0.13119111582636833,0.02533530630171299,0.09668111056089401,1.6119322723855993,114.33073854446411
0.95,1042,25000,1,1,1,[1],[3],[1],[3],0.3062474727630615,0.30467066168785095,0.16728098690509796,0.12527401745319366,0.30545906722545624,0.1462775021791458,0.003999465145170689,0.04346909373998642,1.624303176591039,114.37553191184998
0.95,2042,25000,1,1,1,[1],[3],[1],[3],0.30391600728034973,0.2780933678150177,0.13147525489330292,0.17149314284324646,0.2910046875476837,0.1514841988682747,0.027322471141815186,0.040991879999637604,1.6059029108515326,115.32119870185852
0.95,3042,25000,1,1,1,[1],[3],[1],[3],0.27594202756881714,0.30998313426971436,0.16611678898334503,0.8482994437217712,0.29296258091926575,0.5072081163525581,0.034408088773489,0.6845045685768127,1.6317875909525508,115.01716446876526
0.95,4042,25000,1,0,0,[1],[3],[],"[1, 3]",0.32101255655288696,0.7684658169746399,0.16550785303115845,0.0585876926779747,0.5447391867637634,0.11204777285456657,0.4477165937423706,0.11675244569778442,1.6048864632076563,114.73468399047852
0.95,5042,25000,0,1,0,[],"[1, 3]",[1],[3],0.774272084236145,0.32142484188079834,0.05914952605962753,0.14345258474349976,0.5478484630584717,0.10130105540156364,0.45312440395355225,0.09714866429567337,1.6178017267485525,114.98321723937988
0.95,6042,25000,1,0,0,[1],[3],[],"[1, 3]",0.3237186372280121,0.7560457587242126,0.1406193971633911,0.06863628327846527,0.5398821979761124,0.10462784022092819,0.43268105387687683,0.08287215977907181,1.6024916033876186,120.43765544891357
0.95,7042,25000,0,0,0,[1],"[0, 1]",[1],"[0, 3]",0.26435139775276184,0.31537893414497375,0.4881685972213745,0.5976439118385315,0.2898651659488678,0.542906254529953,0.051266781985759735,0.11136647313833237,1.6095180022556386,130.24759030342102
0.95,8042,25000,1,1,1,[1],[3],[1],[3],0.3024864196777344,0.30233216285705566,0.16184483468532562,0.1758844405412674,0.302409291267395,0.1688646376132965,0.004572706762701273,0.0192380640655756,1.6198140725645562,130.0384931564331
0.95,9042,25000,0,1,0,[1],"[0, 3]",[1],[3],0.25788232684135437,0.27875494956970215,0.09146329015493393,0.22932614386081696,0.26831863820552826,0.16039471700787544,0.021483389660716057,0.14107966423034668,1.6142692058743653,132.51500725746155
0.99,42,25000,0,0,0,[1],"[0, 1, 3]",[1],"[1, 3]",0.2902390956878662,0.3121888041496277,0.10917647182941437,0.18795356154441833,0.30121394991874695,0.14856501668691635,0.022957591339945793,0.08345207571983337,1.5530267323954214,129.9072778224945
0.99,1042,25000,1,0,0,[1],[3],[1],"[1, 3]",0.3125894367694855,0.3108854591846466,0.17793816328048706,0.1372148096561432,0.31173744797706604,0.15757648646831512,0.005510067567229271,0.04273684695363045,1.56037320126167,128.15146923065186
0.99,2042,25000,0,0,0,[1],"[1, 3]",[1],"[1, 3]",0.30874767899513245,0.2886731028556824,0.1447162628173828,0.18338291347026825,0.2987103909254074,0.16404958814382553,0.02152468077838421,0.0406288206577301,1.545096102263366,130.20335340499878
0.99,3042,25000,0,0,0,[1],"[1, 3]",[1],"[1, 3]",0.28297144174575806,0.3081517517566681,0.17875586450099945,0.7834118604660034,0.2955615967512131,0.48108386248350143,0.026272568851709366,0.6170470118522644,1.5689596189799822,121.2761664390564
0.99,4042,25000,0,0,0,[1],"[1, 3]",[],"[1, 3]",0.3251638114452362,0.7621841430664062,0.17204909026622772,0.07408098131418228,0.5436739772558212,0.123065035790205,0.4374096989631653,0.11164434254169464,1.543791572225611,114.99472832679749
0.99,5042,25000,0,1,0,[],"[1, 3]",[1],[3],0.7590850591659546,0.32275229692459106,0.07452194392681122,0.1634596586227417,0.5409186780452728,0.11899080127477646,0.4368574917316437,0.10526140034198761,1.5549569722815089,115.53582072257996
0.99,6042,25000,0,0,0,[1],"[1, 3]",[1],"[0, 3]",0.32009249925613403,0.27071356773376465,0.16528257727622986,0.5498641729354858,0.29540303349494934,0.35757337510585785,0.0501529686152935,0.38912463188171387,1.5414163011132411,114.94711446762085
0.99,7042,25000,0,0,0,[1],"[0, 1, 3]",[1],"[0, 3]",0.28555935621261597,0.32728326320648193,0.6084407567977905,0.5988419055938721,0.30642130970954895,0.6036413311958313,0.04215991497039795,0.03636021167039871,1.5478300914094543,114.39444065093994
0.99,8042,25000,0,0,0,[1],"[1, 3]",[1],"[1, 3]",0.30839675664901733,0.30835628509521484,0.17164857685565948,0.18754635751247406,0.3083765208721161,0.17959746718406677,0.005466923583298922,0.021325716748833656,1.556125178492198,114.21647787094116
0.99,9042,25000,0,1,0,[1],"[1, 3]",[1],[3],0.2793801426887512,0.2884597182273865,0.13043566048145294,0.23355698585510254,0.28391993045806885,0.18199632316827774,0.010066389106214046,0.11125659942626953,1.5526564499829554,113.95098066329956
1.0,42,25000,0,0,0,"[1, 3]","[1, 3]","[1, 3]","[1, 3]",0.327559232711792,0.3834734857082367,0.1466144323348999,0.20646189153194427,0.35551635921001434,0.1765381619334221,0.06062246114015579,0.0781438946723938,1.539234012836893,114.28571796417236
1.0,1042,25000,0,0,0,"[1, 3]","[1, 3]","[1, 3]","[1, 3]",0.37750038504600525,0.38585105538368225,0.19873516261577606,0.1685720533132553,0.38167572021484375,0.18365360796451569,0.022393539547920227,0.04060342162847519,1.5446240998646308,115.79495882987976
1.0,2042,25000,0,0,0,"[1, 3]","[1, 3]","[1, 3]","[1, 3]",0.3792022168636322,0.3628953993320465,0.17220140993595123,0.21155552566051483,0.37104880809783936,0.19187846779823303,0.021050458773970604,0.04305713251233101,1.5304249812305817,115.24546217918396
1.0,3042,25000,0,0,0,"[1, 3]","[1, 3]","[1, 3]","[0, 3]",0.35519298911094666,0.390415757894516,0.21070538461208344,0.5053796768188477,0.3728043735027313,0.35804253071546555,0.04124918952584267,0.32009226083755493,1.5536329123862052,120.92365980148315
1.0,4042,25000,0,0,0,"[1, 3]","[1, 3]",[],"[1, 3]",0.4120648503303528,0.757333517074585,0.1964443475008011,0.1316019892692566,0.5846991837024689,0.16402316838502884,0.3608483374118805,0.10344476997852325,1.5293996681223216,129.89303827285767
1.0,5042,25000,0,0,0,[],"[1, 3]",[],"[1, 3]",0.7534360289573669,0.7533208727836609,0.12417703121900558,0.09794829785823822,0.7533784508705139,0.1110626645386219,0.004875866696238518,0.038157179951667786,1.539508537641848,131.54651856422424
1.0,6042,25000,0,0,0,"[1, 3]","[1, 3]","[1, 3]","[0, 3]",0.3783107399940491,0.341235488653183,0.18235182762145996,0.5327922105789185,0.35977311432361603,0.3575720191001892,0.04119092598557472,0.3650275766849518,1.5262388691810023,129.9022922515869
1.0,7042,25000,0,0,0,"[1, 3]","[1, 3]","[1, 3]","[0, 1, 3]",0.368356853723526,0.4129418730735779,0.21017983555793762,0.5820810198783875,0.39064936339855194,0.39613042771816254,0.05265017971396446,0.3947468400001526,1.5328346598303948,120.60435700416565
1.0,8042,25000,0,0,0,"[1, 3]","[1, 3]","[1, 3]","[1, 3]",0.3924352824687958,0.38205140829086304,0.19182553887367249,0.21051903069019318,0.3872433453798294,0.20117228478193283,0.03209042549133301,0.027987409383058548,1.5399796540222277,127.2340669631958
1.0,9042,25000,0,0,0,"[1, 3]","[1, 3]","[1, 3]","[1, 3]",0.33263278007507324,0.37374773621559143,0.1469074934720993,0.24389730393886566,0.35319025814533234,0.19540239870548248,0.04605814442038536,0.11062077432870865,1.5374207419889951,128.16665482521057
